date,estimate,lo,up
2019-05-18,0.5146999999999999,0.5146999999999999,0.5146999999999999
2019-05-19,0.5147033889138228,0.5121483059421942,0.5172109095984511
2019-05-20,0.5147085980390003,0.5111171238486721,0.5183988431867265
2019-05-21,0.5147191567456085,0.5101636962548075,0.518952872289414
2019-05-22,0.5147373800697237,0.5097958132506221,0.5198077248604124
2019-05-23,0.5147500480740624,0.5092804699304336,0.5203218251452151
2019-05-24,0.5147614088002089,0.5087555902379919,0.5206119024015784
2019-05-25,0.5147634111827634,0.5084128118302422,0.5210527475788457
2019-05-26,0.5147795590028993,0.50814420419579,0.5216027040161813
2019-05-27,0.5147883244189242,0.5076950804793767,0.5219880099009998
2019-05-28,0.5148063345081597,0.5074223051508819,0.522393404488064
2019-05-29,0.5147735360672512,0.5072183170383522,0.5225368887595326
2019-05-30,0.5147885059916814,0.5069358999112388,0.522853010533032
2019-05-31,0.514772499856473,0.5063698185870098,0.5231030356346517
2019-06-01,0.5147867529710511,0.506329650232507,0.5232105298019213
2019-06-02,0.5147784323231311,0.5059661622572166,0.5232044913308127
2019-06-03,0.5147956210497454,0.5060576151932843,0.5235017729923926
2019-06-04,0.5147836270921652,0.5058008864109587,0.5237775286507143
2019-06-05,0.5147857598029615,0.5057332098017012,0.5237968901955693
2019-06-06,0.5147944072292368,0.5053929497657642,0.524106679228247
2019-06-07,0.514789097008699,0.5055718403657199,0.5242302622363378
2019-06-08,0.5147648505431236,0.5055585905668297,0.5241028840563148
2019-06-09,0.5147992780544773,0.5051614402824434,0.5244743828176128
2019-06-10,0.5148710218359263,0.5053305614666351,0.5247399525485622
2019-06-11,0.5149325207283219,0.505234325563816,0.5248930017326775
2019-06-12,0.5150032960966724,0.5051795829871133,0.525017188037543
2019-06-13,0.5149985310686662,0.5050619337340676,0.5252613808665197
2019-06-14,0.5150080744235648,0.5047600159632989,0.5254868051458831
2019-06-15,0.5150100663317693,0.504504474401241,0.5257247590696835
2019-06-16,0.5149826730522126,0.5043574426012982,0.5258521501511026
2019-06-17,0.5149790960296506,0.5043070965387734,0.5259736244679296
2019-06-18,0.5149974326638059,0.504227779102741,0.5263087645974159
2019-06-19,0.5149358982552013,0.5035363922194265,0.5263416150431424
2019-06-20,0.5149179653691109,0.5034698866540199,0.5264125746085886
2019-06-21,0.5149223302699895,0.5034889900914596,0.5267877901107686
2019-06-22,0.5149431373160731,0.5032185854274721,0.5269470790017455
2019-06-23,0.5149646005273594,0.503257914017761,0.5275097882404077
2019-06-24,0.5149763979008635,0.5028953433772634,0.5276567631683214
2019-06-25,0.5149723500425012,0.5031320920414659,0.5275850930703259
2019-06-26,0.5149224691699532,0.503147826692053,0.5277436170436789
2019-06-27,0.5149280452374154,0.5032361326830946,0.5279948640093761
2019-06-28,0.5149138743774119,0.5029325305305093,0.5279751304557898
2019-06-29,0.514899661149392,0.5029211764332998,0.5280410437141783
2019-06-30,0.5149175909943937,0.5028319034099034,0.528035599540469
2019-07-01,0.5149104064239315,0.5025022893494854,0.528088607655305
2019-07-02,0.5149245056819116,0.5025231971560791,0.5281522784351704
2019-07-03,0.5148975234040722,0.5023550569441212,0.5282336456150404
2019-07-04,0.5149142984843074,0.5024423188998308,0.528193378663435
2019-07-05,0.5148981938621057,0.5026011761887967,0.5283646213728576
2019-07-06,0.5148612296787476,0.5025447548531938,0.5283873005884363
2019-07-07,0.5148620910775641,0.5024769940203722,0.5285498458097729
2019-07-08,0.5148707472013494,0.5022011106066009,0.5281707276847338
2019-07-09,0.5148813983967532,0.5022331477061839,0.528609932873918
2019-07-10,0.514874860015851,0.5023690363874127,0.5287415235383287
2019-07-11,0.5148452176068133,0.5021157107365709,0.5285261402304152
2019-07-12,0.5148022406322068,0.502152750067068,0.5283846227238783
2019-07-13,0.5147806657966063,0.5020649121527436,0.528381539320641
2019-07-14,0.5147485864119775,0.5020403536153767,0.5282815881604458
2019-07-15,0.5147580470877587,0.5019746751624573,0.5283539345628452
2019-07-16,0.514751744833064,0.5019521021440652,0.5284366178918034
2019-07-17,0.5147208362096404,0.5019757753124882,0.5282689156722457
2019-07-18,0.51471928759315,0.501962091067813,0.5282658320044873
2019-07-19,0.5147103674185011,0.5021048359840319,0.5282625554980446
2019-07-20,0.5146760772428822,0.5022267018363111,0.5281398985996969
2019-07-21,0.5146656826303776,0.5020156948305113,0.5280176451263181
2019-07-22,0.5146876055078318,0.5020654962900133,0.5281853919483775
2019-07-23,0.5146782881346486,0.5020439122053778,0.5278509446669294
2019-07-24,0.514680341061948,0.5020909186348145,0.5279184700396069
2019-07-25,0.5146517378631169,0.5018685095424602,0.5278455697396152
2019-07-26,0.5146373980945921,0.5020226541949901,0.5277546049561153
2019-07-27,0.5144820112049758,0.5017360420055912,0.5279476373170975
2019-07-28,0.5143233831043538,0.5015806115079198,0.5276877992437449
2019-07-29,0.514159389680788,0.5012617555695108,0.5272851939390827
2019-07-30,0.5140168059130635,0.5011560147474908,0.5273511161563559
2019-07-31,0.5138586906128841,0.5010392370074302,0.5269817545127068
2019-08-01,0.5137009182630787,0.5006409888066151,0.5270552271945286
2019-08-02,0.5135706878896008,0.5007295957387385,0.5269333166804929
2019-08-03,0.5134417778759381,0.5005426871929551,0.5267461891009553
2019-08-04,0.5132901594357129,0.5003080713618557,0.5266296698076091
2019-08-05,0.5131393599887475,0.5000782607805246,0.5260113959568083
2019-08-06,0.5130095589318724,0.4999785873075919,0.5260919571114615
2019-08-07,0.512817840302221,0.4994671474991928,0.5259278846196028
2019-08-08,0.5126648825114108,0.4993910177446204,0.5255952892711997
2019-08-09,0.5125143136225042,0.4995475538749423,0.5254791975123315
2019-08-10,0.512361936569697,0.49939565358361016,0.5251751119790705
2019-08-11,0.5121700382722911,0.4992355439021877,0.5249262223491307
2019-08-12,0.5120195936536382,0.4991988482834573,0.5244477164788643
2019-08-13,0.5118779093957422,0.49918535455761054,0.5245892388099359
2019-08-14,0.5117521661338561,0.49907000698990694,0.5242290130552072
2019-08-15,0.5116156324904501,0.4988287261970846,0.523736861403582
2019-08-16,0.5114411399009194,0.49886512249430554,0.5237132366884061
2019-08-17,0.5112918001620925,0.4985724754274676,0.5237336589932884
2019-08-18,0.5111644913080379,0.4983547904395063,0.5235570943763624
2019-08-19,0.5110464300633406,0.4981439869216536,0.5234181340703397
2019-08-20,0.5109118346310261,0.4981412620429533,0.5233469190990637
2019-08-21,0.5107799724102834,0.4978567418097725,0.5231119893785
2019-08-22,0.5106401621646413,0.49787839072748125,0.523291134204915
2019-08-23,0.5105023300939684,0.4976594888600445,0.522969376186135
2019-08-24,0.5103769681926313,0.4973443134849335,0.5229906846909875
2019-08-25,0.5102221021293918,0.49732961153380717,0.5227447135978301
2019-08-26,0.510068132637754,0.49723385309225304,0.5226496309979005
2019-08-27,0.5100122841564109,0.4972007938112558,0.5228194319756584
2019-08-28,0.5099687297988666,0.4965868701289342,0.5225910454814447
2019-08-29,0.5099228900529363,0.4965150484802303,0.5223733107586399
2019-08-30,0.5098755462989324,0.49669829296043,0.522716972899011
2019-08-31,0.5098491296923432,0.4965663058838866,0.5228051766097666
2019-09-01,0.5097688568528117,0.4967371744762601,0.5231557589378116
2019-09-02,0.5097195870126218,0.4964568879867245,0.5230083332313981
2019-09-03,0.5096634952267816,0.4961999913661206,0.5229474359454663
2019-09-04,0.5096149549816709,0.4962226472662781,0.5228409801954925
2019-09-05,0.5095302176260449,0.4959587883681767,0.5228230523570311
2019-09-06,0.5094962631124955,0.4957866316514865,0.5229297323443208
2019-09-07,0.50945606183949,0.4955381282728125,0.5230022952881712
2019-09-08,0.5093948931873604,0.49559375736852945,0.5229098255370381
2019-09-09,0.5093293568873112,0.49557433018385333,0.523107407806684
2019-09-10,0.509289306243559,0.49552604335428535,0.5229093207920653
2019-09-11,0.5092231491276822,0.495291359892186,0.5228824483730657
2019-09-12,0.5091534203040958,0.49532064670742376,0.5228151154490943
2019-09-13,0.5091304610729079,0.4952784423149087,0.5224981140115125
2019-09-14,0.5090941420977128,0.49535361981131054,0.522558467623331
2019-09-15,0.5090171298937434,0.49519653100274835,0.5227198227216336
2019-09-16,0.5089559329119384,0.4948338469371323,0.5226125793623959
2019-09-17,0.5088585291872144,0.4950087294094653,0.5225107586156187
2019-09-18,0.5088339330590406,0.4950148994151752,0.5223242315780702
2019-09-19,0.5087775143110026,0.49503133976128644,0.5220675411928444
2019-09-20,0.5087506325885094,0.4948730553351945,0.5221837104565403
2019-09-21,0.508704720649801,0.4946915274791306,0.5220748349954419
2019-09-22,0.508694416913624,0.4947224427028985,0.5221738989570442
2019-09-23,0.5086644158990115,0.4948420920378419,0.5222584154027451
2019-09-24,0.5086276011945268,0.4946960831487078,0.5224223443225703
2019-09-25,0.5085950322965779,0.49471802777179924,0.5218609443696516
2019-09-26,0.5085434865917471,0.4948784356915416,0.5218696397290111
2019-09-27,0.5085110455920343,0.4946684045136875,0.5218607425579601
2019-09-28,0.5084633873928515,0.49457776950158094,0.5219619214142011
2019-09-29,0.5083922543763318,0.49466332847582284,0.5216108298864446
2019-09-30,0.508311971787014,0.49445172717875585,0.5217512814593032
2019-10-01,0.5082445221190715,0.4943858022934335,0.5217347483110127
2019-10-02,0.5081559798768889,0.49427574415042674,0.5216939218381963
2019-10-03,0.5080678415259855,0.4942755916088045,0.5215861941789419
2019-10-04,0.5079460268032776,0.49398248718235344,0.5213528246212651
2019-10-05,0.5078411940504117,0.4941118905752086,0.5211786533668847
2019-10-06,0.5077795887971517,0.49391214858387955,0.5212515333691706
2019-10-07,0.5077419309836838,0.4938006116252539,0.5211766600542385
2019-10-08,0.5076787818925054,0.4934431062920054,0.5213489679084066
2019-10-09,0.5075914096316744,0.4931852566021171,0.521156351487528
2019-10-10,0.5075409098335316,0.49318531393782844,0.5212228914339443
2019-10-11,0.5074643584850183,0.4928031964024086,0.521244191700642
2019-10-12,0.5074076204281163,0.49284141464673664,0.521020392195566
2019-10-13,0.5073486401594165,0.4929294184415018,0.5211314199116402
2019-10-14,0.5072793237797318,0.4928908287172919,0.520962866973508
2019-10-15,0.5072024739323522,0.49297473706064054,0.5210639518542907
2019-10-16,0.5071166955420522,0.49285962846495723,0.5209144665954805
2019-10-17,0.5070279028045984,0.49296161121685705,0.5211461960007181
2019-10-18,0.5069955459300021,0.49292574776376075,0.5212840968475497
2019-10-19,0.5068965921987056,0.49299378016529954,0.5206458870838357
2019-10-20,0.5067560527619707,0.492744012311053,0.521008396622461
2019-10-21,0.5066606350776091,0.4925249646417744,0.5208685260602749
2019-10-22,0.5065510730217193,0.4921360103515391,0.5210103087662341
2019-10-23,0.5064348506537539,0.4922384506448365,0.5207971212091994
2019-10-24,0.5063373901685057,0.49200556100512405,0.5208479366903292
2019-10-25,0.5062365921496857,0.4916488908069952,0.5206890902479675
2019-10-26,0.5061213127680135,0.491715210145788,0.5206985852898269
2019-10-27,0.5060001428826056,0.49166018508460957,0.5208680155443984
2019-10-28,0.5059029433342602,0.4912859323845351,0.5206716882731612
2019-10-29,0.505822348123607,0.49111582643491475,0.5208265579955389
2019-10-30,0.5057198693669434,0.49115409417947625,0.5207257764445954
2019-10-31,0.5056326220623578,0.491088998932598,0.5206746153244234
2019-11-01,0.5055333871781873,0.4907845026693274,0.5205151445603714
2019-11-02,0.5054507013702163,0.490736971990534,0.5208019965572328
2019-11-03,0.5053598052899463,0.4906175226045163,0.5206829562282104
2019-11-04,0.5052383810115273,0.49042395095863434,0.520429525549747
2019-11-05,0.5051259211702093,0.49033888871986137,0.5202245495642971
2019-11-06,0.5050496753023433,0.4903050338635818,0.52029356689152
2019-11-07,0.5049073776948818,0.4901436882094563,0.5201490767953469
2019-11-08,0.5048080925724613,0.4899261630712591,0.5198740055202522
2019-11-09,0.5046763636659869,0.4897282166019933,0.519604755654956
2019-11-10,0.504537952761772,0.48962882765392124,0.5194470917177347
2019-11-11,0.5044245714568494,0.48953534423405837,0.5192979332005587
2019-11-12,0.5043194669095026,0.48928796355237886,0.5192889182707733
2019-11-13,0.5041780571006709,0.48920902768313007,0.5191194995320707
2019-11-14,0.5040355148592602,0.48919487142270324,0.5190854630397191
2019-11-15,0.5039474922435436,0.48879980288144664,0.5190099471920482
2019-11-16,0.5038214231148336,0.4890231018000145,0.5188976620374677
2019-11-17,0.5037188802695427,0.48879790712399673,0.5187387282246321
2019-11-18,0.5035799607192345,0.48879950520162596,0.5184469944408001
2019-11-19,0.5034440806869674,0.4890158287557996,0.5184909082860593
2019-11-20,0.5033772138900416,0.4890005632024399,0.5184448280908773
2019-11-21,0.5032914196406526,0.4887303930694821,0.5180295191276757
2019-11-22,0.503113096853331,0.4883281092408286,0.5177393266069634
2019-11-23,0.5029436776185859,0.48827661868691064,0.5174043798735705
2019-11-24,0.5027763394680205,0.4882639345763177,0.517337248929447
2019-11-25,0.5026321338727276,0.48794909985182494,0.5173530235298585
2019-11-26,0.5024509925626249,0.4878571649799805,0.5170602933286582
2019-11-27,0.5022950262070852,0.4878090447629582,0.5171069741289609
2019-11-28,0.5021087097023295,0.4874119840714461,0.5167950725338825
2019-11-29,0.5019204536530373,0.48698601276435516,0.5166474567830766
2019-11-30,0.5017548193225986,0.4867779915600646,0.5162695030328772
2019-12-01,0.5015791770929676,0.48633539526160785,0.5161637154506878
2019-12-02,0.501391838532271,0.4862281987195951,0.5160506932579504
2019-12-03,0.5012125575812507,0.4857721659698698,0.5160976009614476
2019-12-04,0.5010493368498936,0.48571293953973643,0.5160193182420967
2019-12-05,0.5008336867129702,0.48485683674327296,0.515824983921942
2019-12-06,0.5007111845647836,0.4849474116076203,0.5156871712978445
2019-12-07,0.5005172646262287,0.48489558240612046,0.5155785208387759
2019-12-08,0.5003537738897713,0.48462686149400597,0.515173414492171
2019-12-09,0.5001952497465392,0.48471741034212906,0.5149983116436978
2019-12-10,0.5000292237302836,0.48400086063213343,0.5147974641751164
2019-12-11,0.49986355323507053,0.48372634898675426,0.5150465511172585
2019-12-12,0.49966584133007147,0.4839993118257791,0.5148244234251407
2019-12-13,0.4994773526594348,0.48350922285867703,0.5143473879288728
2019-12-14,0.49932751013591253,0.48334496914585334,0.5143094265037563
2019-12-15,0.49912778688947135,0.48271031003366055,0.5138666612427999
2019-12-16,0.49898969495493684,0.48273484517286047,0.5137495989904372
2019-12-17,0.4988350657835896,0.4823911989509091,0.5137432704387543
2019-12-18,0.498666314881322,0.48260436575359117,0.5134853306267222
2019-12-19,0.4984802413260454,0.48225664527395384,0.5133085901391506
2019-12-20,0.4982756348966078,0.4815616212934807,0.5130199883551994
2019-12-21,0.49811441529391376,0.4816592246059134,0.5125444224143364
2019-12-22,0.497975868240068,0.48204045528029094,0.5123461278548711
2019-12-23,0.4978237996188512,0.48146964602874825,0.5123275352887777
2019-12-24,0.4976383177842513,0.48151391483515665,0.5121846422021513
2019-12-25,0.49743479476437086,0.48116434883391596,0.5118084535062277
2019-12-26,0.49724040457327656,0.4808295718195669,0.5114968141861466
2019-12-27,0.49707526025180987,0.48108307027156016,0.5115295335986156
2019-12-28,0.49688716079029305,0.4810641994295871,0.5112052885929582
2019-12-29,0.49669788337865073,0.48083574736493745,0.5109784090970749
2019-12-30,0.49655453479448625,0.480698583966993,0.5105860960464419
2019-12-31,0.49633745640983773,0.48093350908621296,0.5104700915270087
2020-01-01,0.4961629479751465,0.4805007444884177,0.5098964227267822
2020-01-02,0.49594395142318587,0.48049074224557564,0.5098331947734348
2020-01-03,0.49575812313398826,0.4804456803945932,0.5095092724045289
2020-01-04,0.4955481199131684,0.47982114412288795,0.5095707726545681
2020-01-05,0.49537023035470673,0.47964019700912536,0.5089949201798586
2020-01-06,0.4951920717319955,0.47987056695914393,0.508795554050001
2020-01-07,0.4950081350760828,0.4795036842825918,0.5089849888808701
2020-01-08,0.4948287627358565,0.47945759529342363,0.5086543413613009
2020-01-09,0.4946214332506012,0.47919983943399647,0.5083690468738108
2020-01-10,0.4944578301005608,0.47913958094375925,0.5082801463119777
2020-01-11,0.494285741126395,0.47901931528613034,0.5077461652471655
2020-01-12,0.49411479884622095,0.4791124848842621,0.5072914653120376
2020-01-13,0.4939430342713835,0.4791847457155987,0.507172640317579
2020-01-14,0.4938051641752299,0.47890605812299153,0.5070511325937511
2020-01-15,0.49365184768352866,0.47887653746474,0.5067636366255417
2020-01-16,0.49358327359930704,0.47898975284426215,0.5067749245490317
2020-01-17,0.4935059826291574,0.47902585748145166,0.5066929713594672
2020-01-18,0.4934203376600508,0.4791600079246576,0.5063539424331034
2020-01-19,0.4933546995886638,0.47927864265801956,0.5062721195234693
2020-01-20,0.49330275675517016,0.47883411405119913,0.5061246425274442
2020-01-21,0.4932436043267446,0.47887662422328264,0.5059366872237522
2020-01-22,0.49318008312167927,0.47909451483234605,0.5058118183995862
2020-01-23,0.49317010236435677,0.47915953838241176,0.506031298555239
2020-01-24,0.4931220770870275,0.47915758336721614,0.5057775584785505
2020-01-25,0.4930329064704754,0.47898724282146704,0.5059546557795419
2020-01-26,0.49309801753182964,0.4789130499958312,0.5059304393532614
2020-01-27,0.4930954126586157,0.47883509780738387,0.5062056890753946
2020-01-28,0.49316405621839854,0.478991404113168,0.5060683437258808
2020-01-29,0.4932167124216195,0.4785034820279338,0.5058820936388168
2020-01-30,0.4932616405057349,0.47872036515565924,0.5058005318649813
2020-01-31,0.493319166368815,0.4793532658617024,0.505738606589756
2020-02-01,0.49337033115884,0.4794195021335572,0.505787112949988
2020-02-02,0.4933872244055534,0.4795796679717076,0.5058453544823892
2020-02-03,0.4934040282053169,0.4798566938299984,0.505996197451502
2020-02-04,0.4934509293522609,0.4796831870765315,0.5059643389171985
2020-02-05,0.4935165527893487,0.47988858944081875,0.5058801075879841
2020-02-06,0.49359149354058773,0.47955897703227446,0.5058939728391681
2020-02-07,0.4936136992525427,0.47988210398188963,0.505998515973164
2020-02-08,0.49364650266114285,0.48017649383171124,0.5059562452682285
2020-02-09,0.49367818665920277,0.48064477595214017,0.5058177244451165
2020-02-10,0.4937286125391492,0.4811249398393561,0.5056323152203732
2020-02-11,0.4937753854538912,0.4812419946868189,0.5057835413214132
2020-02-12,0.49382238770190756,0.4810353574836942,0.5057380533338779
2020-02-13,0.49385689277813616,0.48115302347261446,0.5058123894634454
2020-02-14,0.4938816109351725,0.48123260518413563,0.50581357171099806
2020-02-15,0.4939480821079579,0.4812887052275178,0.5057510646982576
2020-02-16,0.49399869762227355,0.4816108659908708,0.5057225980992331
2020-02-17,0.4940698800382602,0.4819305772327953,0.5056362571803116
2020-02-18,0.4940890441940932,0.48212803327456977,0.5052338812106264
2020-02-19,0.49398111259660277,0.4821070542387489,0.5052691772383652
2020-02-20,0.4938422357137332,0.4821079293258,0.5052048107357426
2020-02-21,0.4937239881853031,0.4814076070992711,0.5052441795646285
2020-02-22,0.49371353865193085,0.48118115811357864,0.5054028507462276
2020-02-23,0.4937335169888221,0.48138426979345805,0.5053300337690106
2020-02-24,0.4937509087623308,0.4810761132751479,0.5054320322159682
2020-02-25,0.49374748783251166,0.4807525466059027,0.5053918198141555
2020-02-26,0.4937364350919795,0.4808531699039937,0.505581346602803
2020-02-27,0.49375472396670567,0.48050922517338995,0.5057926497939341
2020-02-28,0.49371617196043016,0.48064468249101877,0.5057204346528354
2020-02-29,0.4936939217745979,0.4802486979650874,0.5056862417283788
2020-03-01,0.49370135732881093,0.4799589003460893,0.5057537408333752
2020-03-02,0.4937342599331417,0.4800036864071892,0.5059367124591048
2020-03-03,0.4937473667314552,0.48031937774095185,0.5058955738857042
2020-03-04,0.4937840811567882,0.4800426198284482,0.5057845531220808
2020-03-05,0.49378788014511704,0.48022268445414296,0.5060080904513828
2020-03-06,0.4937484547999016,0.47990267727557456,0.5059114746472576
2020-03-07,0.4937520933072249,0.4801843757373984,0.5060273997185982
2020-03-08,0.4937022147202889,0.48029878361057676,0.5057377611726459
2020-03-09,0.49370431422183947,0.4803281884769125,0.5057098477289438
2020-03-10,0.49366273546695133,0.4800285789439063,0.5055664894041058
2020-03-11,0.4936465257319868,0.4803032863532721,0.5056778645016229
2020-03-12,0.4936833181623726,0.4807551040853035,0.5056020651845856
2020-03-13,0.493633763166607,0.48092428251318997,0.5055097383728979
2020-03-14,0.4936210210865526,0.48076259775201063,0.505312691181988
2020-03-15,0.4935398990320251,0.48067191186076036,0.5052756988782288
2020-03-16,0.49351969160012465,0.48049397532883326,0.5049902239207988
2020-03-17,0.49350637920070056,0.4803579071388289,0.5049221320190079
2020-03-18,0.4935367932918869,0.4807811412160668,0.5052075515225918
2020-03-19,0.4934878670080888,0.480697232624432,0.5048448547753575
2020-03-20,0.4934831134017815,0.48062339776298474,0.5047169591902835
2020-03-21,0.49362273232214593,0.48059991736239716,0.5049264994043233
2020-03-22,0.4937441570521744,0.48090144594985607,0.5049902419688133
2020-03-23,0.49387934542328465,0.4813613410500081,0.5052094302538801
2020-03-24,0.49400338952685463,0.48123919322539316,0.5051070158546012
2020-03-25,0.4941757781332562,0.48129803119743514,0.5052791204157687
2020-03-26,0.4943080177549977,0.48122134052218996,0.5055740325303689
2020-03-27,0.49443225503946603,0.48183648888785086,0.5054015038373343
2020-03-28,0.49462151120911946,0.4821948258713767,0.5060162496918702
2020-03-29,0.494776483607055,0.48241665325293914,0.5061130635734703
2020-03-30,0.49495892381534945,0.4829004877266267,0.5062737073519548
2020-03-31,0.495118271475329,0.482981762749124,0.5063568439716295
2020-04-01,0.49529400964179765,0.4834736927492284,0.5063431508554883
2020-04-02,0.49551211833199454,0.4836511545974531,0.5067102822438103
2020-04-03,0.4957677202628391,0.48358067475883204,0.506824736708448
2020-04-04,0.4959912955965053,0.4839850222410252,0.5068989900767793
2020-04-05,0.4962270172877859,0.4843586328167685,0.5069819932449028
2020-04-06,0.4964151343421925,0.48490032293812324,0.5072306452634633
2020-04-07,0.4966262287048698,0.4851950783327467,0.5072245162157567
2020-04-08,0.4968231784824991,0.4853012081767425,0.5073013739887053
2020-04-09,0.4970208246858297,0.48545786022378173,0.5074560926233652
2020-04-10,0.49722622954030893,0.48581288614319107,0.5077231005149244
2020-04-11,0.49745738446945825,0.48597560209739005,0.5079733468883307
2020-04-12,0.49768834017399693,0.4863872847294269,0.5081158483851608
2020-04-13,0.49789675011199064,0.4867302283568808,0.5084067820777777
2020-04-14,0.49808780206692704,0.4867493017389695,0.5081365715903394
2020-04-15,0.4983094554706221,0.4873056395328069,0.5080644483986665
2020-04-16,0.4985192199959625,0.4878752336025231,0.5084069119148852
2020-04-17,0.4987393816075078,0.4882823890799837,0.5086309712811349
2020-04-18,0.4991440287297121,0.4890197743048249,0.5089753363590048
2020-04-19,0.49954783558367194,0.48950645681691596,0.509452112505459
2020-04-20,0.49992410041393626,0.4902132621836612,0.5094794548866167
2020-04-21,0.5003418846628999,0.49084082060542505,0.5098680256384103
2020-04-22,0.5006611635865428,0.4913472986082074,0.5101037933390613
2020-04-23,0.5005868247409051,0.4910575061474729,0.5098713580979037
2020-04-24,0.500496998367655,0.4910024976234221,0.5100088824707925
2020-04-25,0.5006325311477567,0.4909593821490245,0.510080245978652
2020-04-26,0.500744326819988,0.4906542628763964,0.5106192564980008
2020-04-27,0.5008853681721878,0.4909915336112466,0.510964547542157
2020-04-28,0.5010325774568345,0.49123166850603417,0.5109204109814056
2020-04-29,0.5011955493153932,0.49100687248488356,0.5111666595916765
2020-04-30,0.5013534157812433,0.49108584678182604,0.5114182513081184
2020-05-01,0.5014655101565173,0.4910361718521404,0.5117483980523914
2020-05-02,0.5016128583547282,0.49116642947114936,0.5117337848054689
2020-05-03,0.5017335863350904,0.4913556882044123,0.5116503872431345
2020-05-04,0.5018546521973831,0.4913228059483465,0.5116146716655922
2020-05-05,0.501979421016848,0.49155786295693366,0.5118686181438407
2020-05-06,0.5021271437849483,0.4917163815057108,0.512253896335045
2020-05-07,0.5022625808061509,0.49202166044748596,0.5124885268730733
2020-05-08,0.5023827260955769,0.4922007575053348,0.5123597547794567
2020-05-09,0.502486778343129,0.4925090589815273,0.5123896404935819
2020-05-10,0.5026091193867741,0.4925427242048174,0.5125361467256915
2020-05-11,0.5027404722858212,0.49263591595455014,0.5123940773277365
2020-05-12,0.5028763800130637,0.49279267025128815,0.512596295183682
2020-05-13,0.5030268724378232,0.49331615135058415,0.5123358059779408
2020-05-14,0.5031760835431319,0.4935704249149373,0.5125088654693755
2020-05-15,0.5032527752131788,0.4940719674710586,0.5125736375415026
2020-05-16,0.5033566201283867,0.49421542748791997,0.5125223003509275
2020-05-17,0.5038142827141127,0.4945817765448901,0.513220815738955
2020-05-18,0.5042670470291979,0.4951444440890073,0.5132584160885997
2020-05-19,0.5047479716560829,0.49594892001954,0.5139969480129758
2020-05-20,0.5051928782745984,0.49619073417384074,0.5143409203308363
2020-05-21,0.5051818147135965,0.49610854962463025,0.5142139222888359
2020-05-22,0.5051566872247619,0.4960245783311893,0.5142454620703704
2020-05-23,0.5051565478360267,0.4960185931813312,0.5142229264904732
2020-05-24,0.5052602926848827,0.4958718232284518,0.5146581943636885
2020-05-25,0.5053622447741822,0.49602720510753706,0.5147231273813838
2020-05-26,0.5054837388334241,0.4960991962159837,0.5149142288783297
2020-05-27,0.5055512886796517,0.4960254961503437,0.5150579769311892
2020-05-28,0.5056155960202011,0.4961483474580661,0.5152181378484737
2020-05-29,0.5056570697519717,0.4961532402642001,0.5153066864308322
2020-05-30,0.5056689954996109,0.49586562828908465,0.5154487590634748
2020-05-31,0.5057122948605707,0.4957432214724178,0.5154739162209188
2020-06-01,0.5057414240835062,0.49568034906850483,0.5154999220342594
2020-06-02,0.5057450371647348,0.49560000806291094,0.515744536690362
2020-06-03,0.5057916366956152,0.4956270599513657,0.5157074992266552
2020-06-04,0.5058486568342759,0.49560738223205153,0.5157059174198293
2020-06-05,0.5059337600869059,0.4958178633920124,0.516130008044084
2020-06-06,0.5059685564622636,0.49584760223782626,0.5160592722344013
2020-06-07,0.506018242978883,0.4957351713382432,0.5163188508682959
2020-06-08,0.5060416664965429,0.4959895950850143,0.5160509684132063
2020-06-09,0.506088981839456,0.4961799342488841,0.5161164649426538
2020-06-10,0.5061499952670364,0.49651214989972803,0.5163571935891809
2020-06-11,0.506197758248786,0.4964724593506653,0.5160955059276638
2020-06-12,0.5062476886094598,0.496776049697246,0.5159056720916461
2020-06-13,0.5063017405945728,0.4968917712908943,0.5162377570085375
2020-06-14,0.5063264343103466,0.4968623006630828,0.5159664428073383
2020-06-15,0.5063496802344547,0.4967131502298346,0.5159332965432448
2020-06-16,0.5064000056563579,0.49694792103042484,0.5157636871238557
2020-06-17,0.50641872294926,0.4970415071251693,0.5155985713834067
2020-06-18,0.5063718279561749,0.49732529982048745,0.5154693257992815
2020-06-19,0.5063740214774022,0.497394831203318,0.5154832616905987
2020-06-20,0.5063888510972464,0.49727762002460596,0.5155535849864475
2020-06-21,0.5065315604769879,0.49755252248955956,0.5157581305617204
2020-06-22,0.5066888534874426,0.4974399370857531,0.5157584077053944
2020-06-23,0.5068340429690461,0.4977365922271105,0.5158724832614708
2020-06-24,0.5068762152387785,0.497512509385021,0.5160487970835402
2020-06-25,0.50687219067808,0.49750040069325285,0.516443420058085
2020-06-26,0.506847081841042,0.49753588639951196,0.5162140723663573
2020-06-27,0.506876902543774,0.49724533821635347,0.5161823162332705
2020-06-28,0.5068821550298062,0.4972020158434802,0.5161175794490079
2020-06-29,0.5068650312541554,0.49707843121410966,0.5163861319900984
2020-06-30,0.5068476280201306,0.49699601232308077,0.5161606025192819
2020-07-01,0.5068350704329876,0.4968182381969249,0.5164175935407156
2020-07-02,0.5068251425131594,0.49674876701727566,0.5166940888993542
2020-07-03,0.5068080656558743,0.49661283212434315,0.516561572595744
2020-07-04,0.5067599453296863,0.49679073657929657,0.5167757331988395
2020-07-05,0.5067601214252136,0.4965615497940836,0.5167800341218811
2020-07-06,0.5067176098377243,0.4965075000128399,0.5166011071658193
2020-07-07,0.5067095431243742,0.49664838393991617,0.5164868822157477
2020-07-08,0.5066680161667221,0.4963781263832917,0.5165781427430215
2020-07-09,0.5066465345159815,0.49638367925553933,0.5167972791065961
2020-07-10,0.5067733890012285,0.4963949148872888,0.5165319780636106
2020-07-11,0.506896202591095,0.4963974912667611,0.5166863857098023
2020-07-12,0.5070080029999076,0.49681275944065323,0.5167681911243178
2020-07-13,0.5071234301129045,0.4970626636515286,0.5172247566514232
2020-07-14,0.507221556298488,0.49730833168898814,0.517185449009878
2020-07-15,0.5073200618477628,0.4972716533231813,0.517192351606097
2020-07-16,0.5074580287001319,0.4972809680344941,0.5174906135516101
2020-07-17,0.5073513427452252,0.49710451417197093,0.5172045778965542
2020-07-18,0.5074999250555651,0.49720715602706594,0.5173257451103763
2020-07-19,0.5076389772751113,0.4970155873350125,0.51758226038259
2020-07-20,0.5077683214935489,0.4973026280982298,0.5178661889335501
2020-07-21,0.507917696122407,0.4976897185782188,0.5179328034472597
2020-07-22,0.5080457663341285,0.497965664306882,0.5180260349148825
2020-07-23,0.5082155640745812,0.4979880909871484,0.5180969981290704
2020-07-24,0.508359025078348,0.49824774843251496,0.5184518293918429
2020-07-25,0.5086318793021216,0.49847881212227696,0.5186966313851072
2020-07-26,0.5089301358088326,0.4988797241431009,0.5189714336244422
2020-07-27,0.5092215392471897,0.49913765082700284,0.5191193511422849
2020-07-28,0.5095395780161379,0.49922313418509795,0.5198999371004802
2020-07-29,0.5098699445071561,0.4995685067914371,0.5202086877099348
2020-07-30,0.5101978513583387,0.49991755317207626,0.5207152036503228
2020-07-31,0.5104687263022298,0.49998201626523336,0.5210246773492693
2020-08-01,0.5107687620786905,0.5003636104546582,0.5211026501525479
2020-08-02,0.5110562929685264,0.5007660579087013,0.5213086815538667
2020-08-03,0.5113330610084608,0.501165300791018,0.5216264749662437
2020-08-04,0.5116034941230095,0.5015111791040638,0.5218823224576261
2020-08-05,0.51191188747508,0.5020846142368902,0.5219688218556031
2020-08-06,0.5122834762142843,0.5024864264026273,0.5226177722491195
2020-08-07,0.512659686678456,0.5028631781696608,0.5228457267218484
2020-08-08,0.5130093699420115,0.5031503704690354,0.5234946750018974
2020-08-09,0.5133959214028494,0.5037663499731926,0.5237567561596959
2020-08-10,0.513782965041813,0.5038714732202556,0.5242645170076808
2020-08-11,0.5142886275846209,0.5043224547536177,0.5248735113127948
2020-08-12,0.5147896188673304,0.5050338633828401,0.5254427324834796
2020-08-13,0.5147057964007288,0.5047044639871785,0.5253452294782186
2020-08-14,0.5146306943314997,0.5047432303460351,0.5251211019746549
2020-08-15,0.5145551604289262,0.5045825734775036,0.5251632502084164
2020-08-16,0.5144838400255166,0.5044672165363829,0.52523513819913
2020-08-17,0.5144228039978808,0.5042697913636243,0.5252391987570284
2020-08-18,0.5143681635558258,0.5042167718544971,0.5250878207428628
2020-08-19,0.5142703980555731,0.5043235262752906,0.5249198718972763
2020-08-20,0.514204843459107,0.5043527802207141,0.5245676466024413
2020-08-21,0.5140060314696274,0.5042178412766445,0.5243788916323556
2020-08-22,0.5137792044068673,0.5038829656436195,0.5239560546620523
2020-08-23,0.5135810899662353,0.5038372461546814,0.5236944223858316
2020-08-24,0.5134394846864366,0.5037796418107047,0.5236567580580502
2020-08-25,0.5132607455583497,0.5036219615002185,0.5233679167786367
2020-08-26,0.5130143114869427,0.5033371197612296,0.5232421610411021
2020-08-27,0.512769064427712,0.5030354231911619,0.5229106161868363
2020-08-28,0.5126806820344734,0.5028600315441515,0.5229502473929679
2020-08-29,0.5125738532602372,0.5024494160428353,0.5229042462514419
2020-08-30,0.5124558713221541,0.5024066276995378,0.5229911544111346
2020-08-31,0.5123188077466895,0.5021603572240745,0.5230656140030244
2020-09-01,0.5122070612557779,0.5018667849761916,0.5226622156491065
2020-09-02,0.512070199147694,0.5016824298973508,0.5227536211346346
2020-09-03,0.5119589231664899,0.5016126532790263,0.5227740881105221
2020-09-04,0.5118110586844301,0.5015768229931837,0.5226452701554756
2020-09-05,0.5117251161885868,0.5018478703300265,0.5224632870590064
2020-09-06,0.5115862879623774,0.5016876298463291,0.5222462182624049
2020-09-07,0.5114445184813101,0.5014173156175055,0.52173563721844185
2020-09-08,0.5113142162913822,0.5013242977062603,0.5213343698828345
2020-09-09,0.5112135511000068,0.5015229950833687,0.5213580954353374
2020-09-10,0.5110911531778092,0.5015060320194882,0.5210752447737818
2020-09-11,0.510954625868199,0.501281437730583,0.5209522508169329
2020-09-12,0.5108279310532405,0.5014298530449112,0.5204106022536387
2020-09-13,0.5105037666186197,0.5010345220131014,0.5201936078335249
2020-09-14,0.5101696498617874,0.5007835924262408,0.5196125259727243
2020-09-15,0.5098151215340839,0.500065344735186,0.519300973072429
2020-09-16,0.5094989550554491,0.5001762000119007,0.5187922719875536
2020-09-17,0.5095573668939628,0.5000089027919131,0.5188496145048244
2020-09-18,0.5095981524692752,0.5003248712447607,0.5188982079216499
2020-09-19,0.5095069986115418,0.5001773541409286,0.518968498454876
2020-09-20,0.5093839196869124,0.4999747494363489,0.5188617716972902
2020-09-21,0.5092608411154071,0.4994309760716251,0.5187453540589293
2020-09-22,0.5091663348658234,0.4993702443850487,0.5188974148762615
2020-09-23,0.5090318565435761,0.49898607488547275,0.5186882940861618
2020-09-24,0.5088985244751068,0.4986828563708438,0.5189130260852898
2020-09-25,0.5087836194255556,0.4986023674839697,0.5185631045797078
2020-09-26,0.5086424971631964,0.4981664968358504,0.5185884323139067
2020-09-27,0.5085040807984488,0.4982305816446237,0.5184957100332862
2020-09-28,0.5083983393641496,0.49807121563375784,0.5183463301177741
2020-09-29,0.5082740260117785,0.4980184237092568,0.5183309760719963
2020-09-30,0.5081456541296444,0.49785348318215705,0.5184365973683419
2020-10-01,0.508035347649834,0.4978273519183433,0.5181028070473466
2020-10-02,0.5079043311826715,0.49764894366986945,0.5178262273476504
2020-10-03,0.507781614035456,0.4975468074480101,0.51770691701479
2020-10-04,0.5076216485123423,0.49736404789411937,0.5174846812205675
2020-10-05,0.5075987714309033,0.49744211342997174,0.5177384004301653
2020-10-06,0.5076588293369042,0.49716967543575397,0.5176107138983982
2020-10-07,0.5076181446737613,0.4972883017130827,0.5175111144303246
2020-10-08,0.5076870321306995,0.4971577669038293,0.5176499952860174
2020-10-09,0.5078055862442699,0.49736573382421656,0.5177882665576371
2020-10-10,0.5078946147613977,0.49748247705864396,0.5179000417572944
2020-10-11,0.5079345150682606,0.497494314572814,0.5179071764025567
2020-10-12,0.5079778152816771,0.4974469014880516,0.5180672221052827
2020-10-13,0.5079831215019877,0.49722747737187234,0.518154088793273
2020-10-14,0.5079716299855032,0.49759301465945377,0.5182571491868954
2020-10-15,0.5079742496568641,0.49746471681170507,0.5182440977168595
2020-10-16,0.50798155117499455,0.4976970650771625,0.5182146890151926
2020-10-17,0.507994402426635,0.49736799252480607,0.5181538066448002
2020-10-18,0.5079737883129173,0.4974159872147973,0.5183743621236537
2020-10-19,0.5079436539391087,0.49753007527618714,0.5183305857280708
2020-10-20,0.5079078393038831,0.49755131198539365,0.5182874991181209
2020-10-21,0.5079065594899479,0.49759766340604106,0.51829330891345
2020-10-22,0.5078003613146668,0.49742286424053317,0.518121851182716
2020-10-23,0.507659226758118,0.49735522953660793,0.5180108064281824
2020-10-24,0.5075218931057406,0.4972061775020235,0.5177435507397347
2020-10-25,0.5074060550699966,0.4967491562732056,0.5177798546687501
2020-10-26,0.5072752790191365,0.4967255085104103,0.5179418675916305
2020-10-27,0.5071287240346909,0.49638641863843236,0.5177135400369285
2020-10-28,0.5069869552845147,0.49603753586026067,0.5176350442125972
2020-10-29,0.5069809577163468,0.4961666333386095,0.517649576478042
2020-10-30,0.5069588252338242,0.4960902516754178,0.5177142174411268
2020-10-31,0.5069084803175881,0.49593826293521603,0.5178098366570769
2020-11-01,0.5068851917703879,0.4958159129915239,0.5177898578684873
2020-11-02,0.5068567547701868,0.49580487098729925,0.5179246069283171
2020-11-03,0.5068328189854119,0.4956781965152296,0.5179026453469329
2020-11-04,0.5068217440412398,0.4954693479774726,0.5179376941717222
2020-11-05,0.5068059228049586,0.4955639542735675,0.5178604279383635
2020-11-06,0.5067611574888131,0.4954028977195412,0.5182950093358677
2020-11-07,0.5067335805273524,0.4952572086163691,0.5180932919167106
2020-11-08,0.5067131747219968,0.49533491181667744,0.5181600304088868
2020-11-09,0.5066550715204085,0.495311821329487,0.5181510066257907
2020-11-10,0.5066440996437258,0.495333288133396,0.518176056916424
2020-11-11,0.5066303902968012,0.4952636297106488,0.5179404159274298
2020-11-12,0.5065706886287045,0.49496874144189906,0.5175986640541429
2020-11-13,0.5065695945334558,0.4952350060099955,0.5177454394984022
2020-11-14,0.5065459340153897,0.49554148396967534,0.5177592549270923
2020-11-15,0.5065375246730032,0.4952790602126791,0.5174943918043214
2020-11-16,0.5066357087945256,0.4955270558023116,0.5176745769392943
2020-11-17,0.506728975963626,0.4957158106025,0.5173343497747752
2020-11-18,0.5068214903706036,0.4959779673125113,0.5176724659991409
2020-11-19,0.5068378521296273,0.49598964861753786,0.5178295216648262
2020-11-20,0.5068016999267592,0.49562362374820923,0.5175558107814935
2020-11-21,0.5067809108336204,0.4957399248326943,0.5175510560561181
2020-11-22,0.5067918567795185,0.4956016292824337,0.5178788200194002
2020-11-23,0.5067457741879877,0.49555249144337604,0.5177364982210154
2020-11-24,0.5067381445267017,0.49564001678334363,0.5180086821290718
2020-11-25,0.5067120693817797,0.49551315156569886,0.5180229921650945
2020-11-26,0.5067080112135817,0.495801449585879,0.5180086818610117
2020-11-27,0.5066765398411972,0.4951510754802704,0.5177525977672456
2020-11-28,0.506474474336089,0.4951547167252577,0.5179979864294303
2020-11-29,0.506317953696631,0.49459142584328164,0.5178152593360564
2020-11-30,0.5061355170865992,0.4941567594025645,0.5180929439781419
2020-12-01,0.5059633629003956,0.4937418182218693,0.5178941938975913
2020-12-02,0.5057895972200807,0.49346260940314995,0.5179906437109565
2020-12-03,0.505596889402644,0.4928852196922429,0.5179540088710637
2020-12-04,0.5054257743463542,0.49297502749082506,0.5179550400472872
2020-12-05,0.5052520865177398,0.49251599082112674,0.5180213197906158
2020-12-06,0.5050986665996791,0.4922514293807026,0.5178433287422821
2020-12-07,0.5049449788183838,0.4922201301220648,0.5178317528508662
2020-12-08,0.504799256393139,0.49191585614720434,0.5180638926074665
2020-12-09,0.5046182639907719,0.4919188379752654,0.5176226976188234
2020-12-10,0.5044382259943225,0.49163504567470984,0.5176629509040933
2020-12-11,0.5042465296073001,0.491293497457833,0.5177038040098227
2020-12-12,0.504049009602639,0.4909280404080413,0.5173427936891669
2020-12-13,0.5038579782355933,0.49079924045863915,0.5169336932246112
2020-12-14,0.5036741792467452,0.49059812370513084,0.5168630678030741
2020-12-15,0.5035566866687743,0.49045732533710484,0.5166707875197953
2020-12-16,0.5033969164222428,0.49034061522878014,0.5166656450767786
2020-12-17,0.5032103002491422,0.49033735458165945,0.5163392742610681
2020-12-18,0.5030688662045518,0.4898523299210094,0.5161111144917959
2020-12-19,0.5028618935189723,0.48943037077220675,0.5161735699350475
2020-12-20,0.5026805209351608,0.48934766751833153,0.5160671113495664
2020-12-21,0.502496314183357,0.4891498668195476,0.5157238993659339
2020-12-22,0.5023219515962671,0.488964596019104,0.5155765486368542
2020-12-23,0.5021155496290919,0.4886211917663494,0.5152844146621133
2020-12-24,0.5019738073793688,0.4885386501136805,0.515504968158073
2020-12-25,0.5017864645478501,0.48839946551839064,0.5150703111468317
2020-12-26,0.5016287993671791,0.48843255180128126,0.5150682081680336
2020-12-27,0.5014521635190515,0.4879582883136918,0.514805780844202
2020-12-28,0.5012930244908644,0.48789930087154915,0.5146971189912584
2020-12-29,0.5011347272596937,0.48764349508447397,0.5142592605732154
2020-12-30,0.5009659812779869,0.487412930360727,0.5136837479208356
2020-12-31,0.5007559774965794,0.4872230254372886,0.51346918206967
2021-01-01,0.5005054591956849,0.48694193755124066,0.5129498315972801
2021-01-02,0.5003210858024509,0.48692886029326327,0.5129708148959614
2021-01-03,0.5001349404030917,0.486777767699737,0.512710731255491
2021-01-04,0.49992862794138354,0.4868105671130155,0.5124678551160495
2021-01-05,0.49977059283866765,0.4866171361856256,0.5123458930569581
2021-01-06,0.49957886602538737,0.48652729668404354,0.5119709349933597
2021-01-07,0.4993651201003407,0.4865383815538866,0.5120197086883035
2021-01-08,0.4991685240330905,0.4861056694090269,0.5115944527290244
2021-01-09,0.49902034651792543,0.4863121282340063,0.511596165624364
2021-01-10,0.49883350407164734,0.4859704976794987,0.5113642524433287
2021-01-11,0.4986590284809498,0.48609128221704007,0.5109629283139963
2021-01-12,0.4984559901957597,0.48611650129185224,0.5105789863727176
2021-01-13,0.498243281249654,0.48562474315160287,0.5103349420453728
2021-01-14,0.49805275064606014,0.48566482378648684,0.5102810458126141
2021-01-15,0.4979998948798168,0.48554608322826665,0.5101700407208479
2021-01-16,0.4978144987446123,0.48554939154430504,0.5099240483895126
2021-01-17,0.4976421513035633,0.4853740960231642,0.5099348339157912
2021-01-18,0.49747378227597805,0.48536748113908396,0.5094458850248214
2021-01-19,0.49729967492462657,0.4851411741205919,0.5091494880178951
2021-01-20,0.4971433194908702,0.4848725155840018,0.508998107498587
2021-01-21,0.49699601734944304,0.48469090718790153,0.5090136081494997
2021-01-22,0.49684170672149236,0.4840010335755586,0.508612106125844
2021-01-23,0.4966691735514779,0.4838749842087147,0.5082674490990507
2021-01-24,0.49650189654790383,0.48408780750467234,0.5082967339282065
2021-01-25,0.49635198223761823,0.483797774206501,0.5080163074981945
2021-01-26,0.4961825372610139,0.4840785042303982,0.5078395257023692
2021-01-27,0.4960363697368625,0.48413728428977304,0.5076304471621519
2021-01-28,0.4958912842943866,0.4841745813919648,0.5073430646891836
2021-01-29,0.4956487326308183,0.48360311659448185,0.5073398204604533
2021-01-30,0.49551688458696447,0.4834053291400204,0.5072136580459963
2021-01-31,0.49542423585787637,0.4833213418382206,0.5070202402906849
2021-02-01,0.49531294956344246,0.48287851587026825,0.5071455754537874
2021-02-02,0.49519784958728336,0.4828807742682236,0.5073650922781051
2021-02-03,0.495061314243522,0.4828522162682073,0.507152283009101
2021-02-04,0.4949135740016263,0.48245740814469024,0.5067326846401128
2021-02-05,0.4948278503191486,0.4824224763099253,0.5066429641907546
2021-02-06,0.49469665137072194,0.48238679659107275,0.5063066874773838
2021-02-07,0.4945583387731788,0.48225220439374716,0.5064381919009903
2021-02-08,0.4944307033359369,0.48194883662167,0.5062439634481346
2021-02-09,0.49432425669923746,0.4817174108310195,0.506107256539856
2021-02-10,0.49420208634922963,0.4817729618147501,0.5059963260213776
2021-02-11,0.4940766969686957,0.4815277314549949,0.5057466310493619
2021-02-12,0.4939136359591014,0.48148119612527485,0.5057870072696267
2021-02-13,0.49379054218404406,0.4814213091517442,0.5055857401463073
2021-02-14,0.493704282619292,0.48159237971076263,0.5051496464879591
2021-02-15,0.49361151950182247,0.48116424144239073,0.5051591522893568
2021-02-16,0.49350405747256476,0.4812194631426761,0.5052715498386305
2021-02-17,0.49338612157411993,0.481129624506395,0.5049660825328577
2021-02-18,0.4932790506727758,0.48139709186264773,0.5047263320515938
2021-02-19,0.4931103490351974,0.48088218586907133,0.5045085755274299
2021-02-20,0.4929248203344088,0.4810835120946044,0.5042942423970637
2021-02-21,0.4927076454430702,0.4805227839459614,0.5039528548164525
2021-02-22,0.4924920272783817,0.4803068869617978,0.5038720692641102
2021-02-23,0.49232552990679285,0.4800748479259732,0.5035035826278553
2021-02-24,0.4921280617624708,0.4800407613598646,0.5032999186083631
2021-02-25,0.4919161864563878,0.4796771402520362,0.503264247362867
2021-02-26,0.4917077443922052,0.4798457604787118,0.503128730636204
2021-02-27,0.4916599143305769,0.4797647386778657,0.5031887298683081
2021-02-28,0.4916100064490598,0.479641711313308,0.5030483289891671
2021-03-01,0.49157792246036386,0.4798559668793301,0.5030946715423927
2021-03-02,0.4915201357915464,0.4793636783982045,0.5030743384301543
2021-03-03,0.4914727781271091,0.47934226922005363,0.5029443508557053
2021-03-04,0.49143791204400344,0.47945506088787393,0.5028527547680104
2021-03-05,0.49135815522762943,0.47939116941897597,0.5028218064572959
2021-03-06,0.49131200021618504,0.47923353649271244,0.5028701170838111
2021-03-07,0.49127647809608604,0.47935901393347946,0.5025789135653553
2021-03-08,0.491231188232125,0.47940605791984825,0.5027498550277827
2021-03-09,0.4911852489356139,0.47940192885849736,0.5023767078439915
2021-03-10,0.4911016694480295,0.47959449011117855,0.5022915651649967
2021-03-11,0.4910589022570114,0.4794116076866454,0.5021944254678227
2021-03-12,0.49102231485986314,0.4796164442784127,0.5025028773565127
2021-03-13,0.49097292171672885,0.47971863511680274,0.5020583350259675
2021-03-14,0.490942559966595,0.4799036836467823,0.5018875208201622
2021-03-15,0.4909501076981227,0.47988267161965975,0.5016151426417392
2021-03-16,0.4909130625148297,0.47991536922740474,0.501654372300754
2021-03-17,0.490874974525431,0.4801062042677426,0.5017146109596526
2021-03-18,0.4908291397580281,0.4801391425623601,0.5015031967917141
2021-03-19,0.4908183789401347,0.4799138323642383,0.501316127335283
2021-03-20,0.49081630487683414,0.4799085125901179,0.5013508245320516
2021-03-21,0.4908058639362576,0.48002177381953587,0.5011456141806043
2021-03-22,0.49078483213106344,0.48011576127369193,0.5010016632668169
2021-03-23,0.4906901605305489,0.48031524054848523,0.5011136879277487
2021-03-24,0.4905600045088406,0.48021703483826333,0.5007382940919428
2021-03-25,0.49049140216280374,0.48028310951432746,0.5006422878405211
2021-03-26,0.4905015478729858,0.4803633063019595,0.500669396912882
2021-03-27,0.4904662627430875,0.48033227580555227,0.5005161768132537
2021-03-28,0.490458361458821,0.4802762290981724,0.500410641594249
2021-03-29,0.4904067965505557,0.4800889591892535,0.5005436465166123
2021-03-30,0.49038452625173945,0.4801303256552079,0.5006057070624386
2021-03-31,0.4903634458886431,0.4800480339509161,0.5005358720904184
2021-04-01,0.49034615157836753,0.4803602185589847,0.5002519782754098
2021-04-02,0.49028458452331153,0.4802567854342341,0.5003518162826751
2021-04-03,0.49029970966032926,0.48053786331162146,0.5006677191353758
2021-04-04,0.490297127940101,0.4806195097859557,0.5006020415309226
2021-04-05,0.490273095260603,0.4805913437462049,0.5001681484141313
2021-04-06,0.49024944506199297,0.48086032660330197,0.5000932578202608
2021-04-07,0.4902451413582959,0.480739488260869,0.49994717726533755
2021-04-08,0.4903317503500875,0.4808190312407071,0.4998847233908132
2021-04-09,0.49041303669735337,0.48114965399280857,0.5000235646919418
2021-04-10,0.4902640447758842,0.4808912568298062,0.4996631818582379
2021-04-11,0.49010921473818186,0.4808533329085605,0.49935771272566104
2021-04-12,0.48995793067834326,0.48082806991826865,0.49929050459955787
2021-04-13,0.4897733253989573,0.48061967824034835,0.499110147005342
2021-04-14,0.4896514662623242,0.4806197476472448,0.49899741516061763
2021-04-15,0.48954019128493276,0.48045098806115333,0.4988032635035893
2021-04-16,0.48938235786751416,0.48048467589662175,0.4986097161009586
2021-04-17,0.4894997710356081,0.4804383051506413,0.49862637736816984
2021-04-18,0.4895776184042665,0.48030227663432223,0.49880770025960636
2021-04-19,0.48970427121437465,0.48060029818845806,0.4989604295858541
2021-04-20,0.489789064922247,0.4806305823084515,0.4990115016723995
2021-04-21,0.48991773552187706,0.4805461795069787,0.49903284082740484
2021-04-22,0.49005284260123533,0.48070707448757916,0.4994772981232815
2021-04-23,0.49014267811990525,0.4809891097724988,0.4993526954401085
2021-04-24,0.48998985821313296,0.48073128689347083,0.4993979260801569
2021-04-25,0.48981831075186494,0.48052254683114504,0.4991562394083626
2021-04-26,0.4896448473289802,0.48003861472440584,0.4992218977120596
2021-04-27,0.48953517029051824,0.4798026632928357,0.49947524700103
2021-04-28,0.4893808409888064,0.47935249152641446,0.4992242322445451
2021-04-29,0.4891913092004264,0.479501905848313,0.4991440261133774
2021-04-30,0.48899659871653894,0.4789782630659863,0.49884623875722134
2021-05-01,0.48882230976203284,0.4788568367273918,0.4987928590999355
2021-05-02,0.48865710924943534,0.47861994781298856,0.4985673766531058
2021-05-03,0.4885073784557074,0.4781808981612651,0.4983327303466749
2021-05-04,0.48833063033053786,0.4781433313246361,0.4979466369056289
2021-05-05,0.4881547311116961,0.4780565854147053,0.4978405235323323
2021-05-06,0.4880027440032281,0.4781722715230717,0.49764405638524767
2021-05-07,0.4878241715446263,0.4777669179022056,0.4974939418248504
2021-05-08,0.4876693019221143,0.47751452745642325,0.49721810584833775
2021-05-09,0.487548718000384,0.47736852103313515,0.496985413072678
2021-05-10,0.48746018228291094,0.4773452539131871,0.4968997298516106
2021-05-11,0.48730242231707743,0.4772600481804983,0.49669800574058426
2021-05-12,0.4871331848842579,0.47719017333157543,0.49655259028471377
2021-05-13,0.48699406801836687,0.4771980349545784,0.4965068391507334
2021-05-14,0.48686414771748104,0.4772050580522069,0.49623221037404763
2021-05-15,0.48664538576022376,0.47677139517107897,0.49588613597918496
2021-05-16,0.4864651495017239,0.4764981252659124,0.4957844270113413
2021-05-17,0.4862558715438386,0.4765656518664615,0.49544212710043856
2021-05-18,0.4860808644308224,0.47641415979152124,0.4951869456720405
2021-05-19,0.48589664953419537,0.4765983970685292,0.4951019889668711
2021-05-20,0.48577678618031706,0.47651644039345525,0.4949003752253942
2021-05-21,0.4856923400772176,0.47654430214595145,0.49497406111791487
2021-05-22,0.4856573358083697,0.47660348606352215,0.4945311947815503
2021-05-23,0.48561114932395644,0.47660886742553765,0.4944035302587203
2021-05-24,0.48568298690656964,0.47645865456545244,0.4946424167027851
2021-05-25,0.4856716743134834,0.4765749591338194,0.4945478915060599
2021-05-26,0.48565956888758993,0.4764887671775902,0.4944236899970713
2021-05-27,0.48566676991491287,0.47652106121191673,0.49456497107667813
2021-05-28,0.4857680764251421,0.47660011875270364,0.4945646960905092
2021-05-29,0.485874497933353,0.4767332254689374,0.4948054514343489
2021-05-30,0.48595139977612817,0.4765789259373277,0.4951420496716779
2021-05-31,0.48602405819451594,0.4769556104456389,0.49502811947870823
2021-06-01,0.48612189234095293,0.47695640418616886,0.4951290791640837
2021-06-02,0.48622560410303084,0.4768910304169624,0.4954147731686711
2021-06-03,0.4860215787775775,0.4767783746772856,0.49546187974821637
2021-06-04,0.4858257376386551,0.47632438251291764,0.4953616401205619
2021-06-05,0.48561757925199567,0.4762468463953903,0.49507624520803406
2021-06-06,0.4855080046171949,0.4761969913897487,0.49486398140705484
2021-06-07,0.48539345818375906,0.4759352643480311,0.4948753172255205
2021-06-08,0.48531372972984527,0.47606559019723094,0.4947732605161689
2021-06-09,0.4852036254320574,0.47592731110321784,0.4947112136231703
2021-06-10,0.48501408104685034,0.4753924831177274,0.4948012133871028
2021-06-11,0.4848187714637845,0.47533993874941877,0.49466261438149434
2021-06-12,0.48458876056120936,0.4752154289000305,0.4942623367600103
2021-06-13,0.48440288724120384,0.47501853342917005,0.4937581463045247
2021-06-14,0.48423437783947243,0.4748715071712087,0.49374057468547033
2021-06-15,0.4840613691665695,0.474474384613864,0.49361425851336144
2021-06-16,0.4838739912406315,0.4744461420715518,0.493672804419844
2021-06-17,0.4836822288492794,0.4741261008975097,0.4931413901775794
2021-06-18,0.48345459961487086,0.47413839584990725,0.4928261297507082
2021-06-19,0.4832413866658226,0.473721995174564,0.4927006869699238
2021-06-20,0.48301829233238497,0.4735765875760898,0.49242708031970667
2021-06-21,0.48282833612767234,0.4732121691054782,0.4920563639242682
2021-06-22,0.48263544589177654,0.47304276566352554,0.49193771640805933
2021-06-23,0.48245715023627556,0.47294783045046357,0.49170479750791535
2021-06-24,0.48225609955166465,0.47274666697472756,0.4914973042147878
2021-06-25,0.4820007335160598,0.4724330181355522,0.49123536033654336
2021-06-26,0.4817407389304185,0.4717999039660706,0.4909628735486718
2021-06-27,0.4815067313365191,0.47144986882254536,0.4909005302648657
2021-06-28,0.48128264031645446,0.4711225547212753,0.4905584309875695
2021-06-29,0.481086629201981,0.4708251476089075,0.4905496750494365
2021-06-30,0.4808449208307588,0.4705430474241886,0.4904516911554483
2021-07-01,0.480619975140546,0.4701715578187734,0.4903404780648931
2021-07-02,0.48039983552798315,0.470108759528277,0.4901857386603896
2021-07-03,0.48014551407580963,0.4698142221664977,0.4896370954907119
2021-07-04,0.4798709568592958,0.46965435955900453,0.4896317520303625
2021-07-05,0.4796717909838168,0.4693827167712756,0.48937120037539705
2021-07-06,0.4794686866829547,0.46924026968700455,0.4892855980060022
2021-07-07,0.47922797017263924,0.4688608819090443,0.4892890075370337
2021-07-08,0.4790103537122323,0.4686862572229595,0.4888024438871441
2021-07-09,0.4787601478904257,0.4685872756619244,0.48838891703211723
2021-07-10,0.4785400224094575,0.4685269072093737,0.4881303705455076
2021-07-11,0.4783112096662612,0.4680556830549368,0.4879616431468652
2021-07-12,0.47808416216911387,0.4678513089438883,0.4875527197408564
2021-07-13,0.4778745084416341,0.4677844755384531,0.4873095150799345
2021-07-14,0.47767081157836305,0.46772164107393277,0.4872109470382936
2021-07-15,0.47744185530277367,0.4677181998175235,0.4867828226640852
2021-07-16,0.47737602392284795,0.4676148241710353,0.4866676014819337
2021-07-17,0.47730030968281983,0.4676286015177453,0.4864896878147361
2021-07-18,0.47719377322962603,0.46739215318830146,0.48651207223395526
2021-07-19,0.4770627005593484,0.4673078681737812,0.48649052155594663
2021-07-20,0.47694906366436024,0.46709334481870574,0.48632806202973805
2021-07-21,0.4768326359849203,0.46684153707603526,0.4865859165223742
2021-07-22,0.476734678247133,0.46680039946679497,0.4863270013143351
2021-07-23,0.4766533789064539,0.46669358547599044,0.4860845378505618
2021-07-24,0.4765594107037814,0.4666752270706879,0.485908323843852
2021-07-25,0.47645565438633264,0.4668957161014873,0.4857768077811524
2021-07-26,0.47638891716940907,0.4667419501365096,0.4855719670549391
2021-07-27,0.4763074589062438,0.4667254952854537,0.48561668662187363
2021-07-28,0.47633088483988095,0.46633379517357487,0.4856482490411932
2021-07-29,0.47631594261775956,0.46617697028667454,0.4855748585535246
2021-07-30,0.47631875521769856,0.4663249506232341,0.4856840547845135
2021-07-31,0.4763368980739594,0.46629960567406137,0.48584117273245836
2021-08-01,0.47634677385699054,0.4661968352061855,0.48591143946107895
2021-08-02,0.4763438938711367,0.466218827652052,0.48591263890095077
2021-08-03,0.47636266441766995,0.46627062608387293,0.48578111613486463
2021-08-04,0.4764104880177691,0.4665938849085809,0.4859514649222707
2021-08-05,0.4764040136219672,0.4665889397283468,0.48584102495967585
2021-08-06,0.47640824227421386,0.46644202908355953,0.48570488385801425
2021-08-07,0.4764203248372403,0.4666617682087355,0.48581936785100555
2021-08-08,0.4764644508073451,0.46692984142163674,0.48570371420161346
2021-08-09,0.476491718520832,0.46721898816358953,0.4856796676060963
2021-08-10,0.47634081502443937,0.46680986471803915,0.48548939592019635
2021-08-11,0.4760867672371501,0.4664438223368914,0.4850521601433763
2021-08-12,0.4758293572423339,0.4662364013119754,0.48473863076129275
2021-08-13,0.47557779174726134,0.4661592426678071,0.48432252686677674
2021-08-14,0.4753664121663808,0.4657388162566858,0.48418621896123293
2021-08-15,0.47513618800765867,0.4655238663180912,0.4839927486171769
2021-08-16,0.47494303455566944,0.46553313435102994,0.4836449855540299
2021-08-17,0.474741059084719,0.46542807835677164,0.48339686800307397
2021-08-18,0.4745067897744122,0.4653753424465122,0.4830946199087192
2021-08-19,0.4742897046480992,0.4651981981453125,0.48282519975673127
2021-08-20,0.4743839090440273,0.4652474104916988,0.48276651179793184
2021-08-21,0.474484717749342,0.46542379426034847,0.48298671031093576
2021-08-22,0.474535608557854,0.4655531134999825,0.48302336785590183
2021-08-23,0.47458263210690477,0.4658140690937948,0.4829981180399269
2021-08-24,0.47461862713455394,0.46615569570313975,0.4828282770966377
2021-08-25,0.4746815223463278,0.4660175349500818,0.4828795797136654
2021-08-26,0.4750129336938792,0.4665678671805238,0.48327192905194843
2021-08-27,0.4754333356718235,0.4673286961248256,0.4835389515859903
2021-08-28,0.4757081347811842,0.4673007509470931,0.48396577487779097
2021-08-29,0.47598966685776334,0.4675049016212219,0.48435990001289175
2021-08-30,0.47625138392367083,0.4677210912622872,0.4847052362017382
2021-08-31,0.4764940790275078,0.46771983798674566,0.4849036334639148
2021-09-01,0.4767716955901282,0.4681808848539325,0.48530607833639594
2021-09-02,0.47699594684521146,0.46834796292747133,0.4856497886632374
2021-09-03,0.4772295500150179,0.4685518957627602,0.4859496799544704
2021-09-04,0.4774821965982173,0.4687862256999223,0.48628445041355006
2021-09-05,0.47777179014997834,0.46889841818636196,0.4868219759529771
2021-09-06,0.4780376948122746,0.46931995033923374,0.48714861968647116
2021-09-07,0.4783237191981541,0.469593774832041,0.48786272450348445
2021-09-08,0.47859410771557087,0.46957187556415525,0.4882124344269549
2021-09-09,0.4789050620670162,0.4697176044780276,0.4884944825387101
2021-09-10,0.47919153305512,0.4701806501579521,0.48849166205534167
2021-09-11,0.4794444912853437,0.4705812317077014,0.48920470430513974
2021-09-12,0.4797081065999066,0.470851944244111,0.48954457674600954
2021-09-13,0.47955861253264975,0.47070221865348716,0.48932812704797835
2021-09-14,0.479438923278592,0.4708074681443786,0.4890907683153508
2021-09-15,0.47931812412857017,0.47069352631073214,0.48872765375376714
2021-09-16,0.47918182395897024,0.4704277243617991,0.48846893292614313
2021-09-17,0.47912973886090526,0.47044190194315694,0.48819817531380855
2021-09-18,0.4789361160398091,0.4702594835220676,0.4882772602932777
2021-09-19,0.47872233750737125,0.47000983957823594,0.48811696407213434
2021-09-20,0.4785215478718143,0.469898976025954,0.4878220450201723
2021-09-21,0.47830288970160195,0.4696507369628438,0.4876575410130218
2021-09-22,0.4780690157948114,0.46941202910510793,0.48731249540153404
2021-09-23,0.4779682532862453,0.4691258488462614,0.48730494080338443
2021-09-24,0.47790302221445524,0.46919588220439723,0.4869796855288619
2021-09-25,0.47777927125509556,0.46903933636286865,0.4869892634245614
2021-09-26,0.47771318626992326,0.46898964392575837,0.4870098888053973
2021-09-27,0.477529975044643,0.46862908299930056,0.48673908968821866
2021-09-28,0.477362561646677,0.46818390011902317,0.4869818717699333
2021-09-29,0.477183936277409,0.4679520201153507,0.48688103139244987
2021-09-30,0.47701594584746715,0.4677428102189363,0.48680300901041396
2021-10-01,0.4768009496928947,0.46752474725851406,0.48667121610057895
2021-10-02,0.4766192686444693,0.4672347673278141,0.4863355731196059
2021-10-03,0.4764370564584859,0.4670554598326357,0.48590728367723746
2021-10-04,0.4762603306282044,0.4668730397320121,0.48594637548029945
2021-10-05,0.4760756120317865,0.4665656429609593,0.48577218287374835
2021-10-06,0.47588522596445493,0.46640237186575567,0.4855597041467467
2021-10-07,0.47575462656424283,0.46635853705271557,0.4854241336496114
2021-10-08,0.47559561132239075,0.4661753131557301,0.4852126814375281
2021-10-09,0.47546908978092656,0.46600626913264614,0.4850632918697919
2021-10-10,0.4751585305252394,0.4657327685360388,0.4848396116254276
2021-10-11,0.47482771906326315,0.4655299680524677,0.4845616217467965
2021-10-12,0.474573741118406,0.465103523171669,0.48427068136832296
2021-10-13,0.47426968523052276,0.4647219857014256,0.48416077852445905
2021-10-14,0.47395050434716457,0.46440214481088476,0.4837461477670387
2021-10-15,0.47365577021910243,0.4642615622404292,0.48328292419569835
2021-10-16,0.47332520918412235,0.463758431456337,0.4829289983913037
2021-10-17,0.47298672087494054,0.46342631188513284,0.4825813158821402
2021-10-18,0.47270836526264404,0.46333265655931244,0.4821795499512571
2021-10-19,0.47246885877532274,0.46297824715298025,0.4817177955342074
2021-10-20,0.4721476567158142,0.4630515003050952,0.481177559280528
2021-10-21,0.4719104002316621,0.4626156038756477,0.48106510852662154
2021-10-22,0.47171996016592993,0.4622809270103547,0.4809818208900003
2021-10-23,0.4715545350670839,0.46198032694392643,0.4808516346601121
2021-10-24,0.4713670476934557,0.4615564314015277,0.4808550358545872
2021-10-25,0.4712123585275881,0.46152025771583316,0.48071965512626263
2021-10-26,0.47105272787412056,0.46115205225839273,0.48063553877860843
2021-10-27,0.47088888337465806,0.4609187638068276,0.48041617897362693
2021-10-28,0.47069909407704685,0.46055412090909204,0.48028885088974055
2021-10-29,0.4705561706031399,0.460347776540223,0.48070115066082203
2021-10-30,0.47036264737101335,0.46000013365493125,0.48068560160209284
2021-10-31,0.47021739401430174,0.45982796114078683,0.48065659094209023
2021-11-01,0.4700358752035803,0.4596006311145254,0.4806956476242755
2021-11-02,0.4698336206400321,0.45917745466263393,0.48031309240885284
2021-11-03,0.4696707424418596,0.45888733240495394,0.4801008068168772
2021-11-04,0.4694930171003384,0.4588404122727577,0.48028059283411867
2021-11-05,0.46932606977391966,0.45861796115822284,0.4799963340421077
2021-11-06,0.469145214963963,0.4585363213360849,0.4796876878622378
2021-11-07,0.46896436603002684,0.45832128936806327,0.47970416911435626
2021-11-08,0.46875918970473673,0.4579550672018832,0.47929499867632763
2021-11-09,0.46859765330045156,0.4580147539535734,0.47915805922536725
2021-11-10,0.46843038999772674,0.4578648667057204,0.47900607267940687
2021-11-11,0.4682710205194847,0.4580924424389828,0.47893548947728704
2021-11-12,0.4680956627994641,0.4576253604729044,0.47886938131063767
2021-11-13,0.46793861511215146,0.45764318912104146,0.4785412195902934
2021-11-14,0.4677684929628044,0.4576274848501019,0.47809366677772575
2021-11-15,0.4675704036622438,0.4574358227635348,0.47774491398360097
2021-11-16,0.4673890173715412,0.45732367699481924,0.4773844450612251
2021-11-17,0.46721955974817986,0.45716497272497103,0.4772009386309868
2021-11-18,0.46726453468234475,0.4569689365807664,0.4771020361587397
2021-11-19,0.46705603164339227,0.45693207801697777,0.4769250443639764
2021-11-20,0.46676926145065983,0.45664873620155605,0.47672563055862494
2021-11-21,0.466456720543023,0.4563035723532991,0.4766722360724306
2021-11-22,0.46613869728053553,0.45579755698761726,0.4764325888934368
2021-11-23,0.46580068032660044,0.45526175737744123,0.47626738212932757
2021-11-24,0.4655190289640958,0.4551536537929018,0.4759702569319821
2021-11-25,0.465211037123083,0.45452245354003634,0.47585585779632045
2021-11-26,0.4648887885615493,0.45416039300684197,0.4752993983924518
2021-11-27,0.4645702200211098,0.4537020463590524,0.4750334421176133
2021-11-28,0.46426207731967645,0.4534193023804736,0.47474049048259803
2021-11-29,0.4639416971487905,0.4528870079344262,0.4744573136969191
2021-11-30,0.46361142907716074,0.452356039030748,0.47403125359662274
2021-12-01,0.4633967401385255,0.4519492052066377,0.47390932890311127
2021-12-02,0.46319921466827363,0.4514603817348022,0.4738801050310914
2021-12-03,0.4630152695495969,0.45108556032459257,0.47373608601930645
2021-12-04,0.46281565863215374,0.4502160339104999,0.4736886545579087
2021-12-05,0.46264462049506155,0.4501499387399658,0.47369385191683394
2021-12-06,0.4624454130442033,0.44972647030898155,0.4735219384958861
2021-12-07,0.46227211270431884,0.4494103901793593,0.47345274589259284
2021-12-08,0.46211753989319443,0.44924567402125587,0.4734256025425441
2021-12-09,0.46193394697724405,0.4491525591076254,0.47317209224690954
2021-12-10,0.4617900874709383,0.448721617886535,0.47318316313663805
2021-12-11,0.46157678626144083,0.4486588899686456,0.4729178771468485
2021-12-12,0.4614223807016143,0.44862975756559087,0.4728569225930075
2021-12-13,0.4612769080135301,0.4483053144002798,0.47268327998677784
2021-12-14,0.46110603122166105,0.4479337172879995,0.47267641252834547
2021-12-15,0.4608910576228812,0.44784609669429687,0.4723335018950582
2021-12-16,0.4606974265478072,0.44741822330717945,0.4724366210591384
2021-12-17,0.4605204478207224,0.44718460091483486,0.472406419815683
2021-12-18,0.46032828801480824,0.4469562596021602,0.47252372534905834
2021-12-19,0.46013124269889677,0.4469427096122396,0.47206409334050525
2021-12-20,0.4599510531105819,0.4468320351736896,0.4721159550907143
2021-12-21,0.45978817454340054,0.4467154882728229,0.47205884788758606
2021-12-22,0.45967271625816686,0.4462106117060341,0.4715948560623229
2021-12-23,0.4594944316027023,0.4459534773446418,0.47152485886846623
2021-12-24,0.45930446399622316,0.44594338755633367,0.47147893730501844
2021-12-25,0.4590965068081473,0.4456886911522298,0.4713072592267277
2021-12-26,0.45892898712218977,0.44584573791166515,0.471030266951064
2021-12-27,0.45875141225441257,0.4455306311534161,0.4708413430440202
2021-12-28,0.4585881772716925,0.4454197004531676,0.47061268536325535
2021-12-29,0.458408228712727,0.4454625276421031,0.47043178488889437
2021-12-30,0.45822219305347556,0.4452082303518585,0.47003438621601845
2021-12-31,0.4580211397610428,0.44511331375990626,0.46986085697994684
2022-01-01,0.45785686500991807,0.44480776483188,0.46960776037742546
2022-01-02,0.4576547825789279,0.4444626895204094,0.4694032486027021
2022-01-03,0.45747045240705303,0.4444441107667376,0.46908405377866025
2022-01-04,0.45729429735751215,0.44466795195087,0.46876565475282156
2022-01-05,0.45710486772861686,0.4444484302522051,0.4685133368465826
2022-01-06,0.45693624608688743,0.44437301077207403,0.4684089226880066
2022-01-07,0.45671092410583575,0.44416122089202337,0.467971887462358
2022-01-08,0.45650962352222646,0.4440463956617464,0.4676793449967809
2022-01-09,0.4563114974693431,0.4440505242161298,0.467499247619319
2022-01-10,0.45612248378925146,0.4441334178544103,0.46706325445204866
2022-01-11,0.4559485926280876,0.4442789585618721,0.4666960992607417
2022-01-12,0.45577134265339203,0.44433799456311834,0.4662049997901915
2022-01-13,0.45561723180197544,0.44448899842024114,0.4658940857264176
2022-01-14,0.4554989469969455,0.4444670746522258,0.4657508964060758
2022-01-15,0.4554005179067393,0.44428330636058655,0.4655942568782456
2022-01-16,0.45528808616501226,0.44400214027350343,0.4653211882676809
2022-01-17,0.45515846139640065,0.4439972990285534,0.46504249267112957
2022-01-18,0.45501154262979204,0.44400316825517105,0.4648820020621978
2022-01-19,0.45487310117336754,0.44411192916242015,0.46470594898993495
2022-01-20,0.45473922773042885,0.4440478271842592,0.4643375279423158
2022-01-21,0.4546101033060151,0.44406604041673375,0.4641253025085973
2022-01-22,0.4544471342341664,0.4443127104929183,0.46384929511211703
2022-01-23,0.45428725680857024,0.4442382491279993,0.4636206974831635
2022-01-24,0.45427426970419094,0.4441566215315594,0.46369139346356425
2022-01-25,0.4543030276616339,0.4446216668537904,0.4637345536640288
2022-01-26,0.4542877873674415,0.44455259459299507,0.46355360881526364
2022-01-27,0.45436694934936644,0.44460017578886,0.46353208195804607
2022-01-28,0.4544928371398824,0.44497182797348567,0.46379677144978976
2022-01-29,0.4546072005272095,0.44492357715182834,0.46398431391771267
2022-01-30,0.45470627299795024,0.44520946232089376,0.46391885488383316
2022-01-31,0.45481028856231626,0.44525097664745117,0.4638858219893374
2022-02-01,0.45488489513795083,0.44542433726641406,0.4639630060468712
2022-02-02,0.45496392690350884,0.44562010583782385,0.4641191647925093
2022-02-03,0.4550330095605197,0.44590097442617654,0.4640710162407363
2022-02-04,0.45513425858426354,0.4461185756483544,0.4637114886421539
2022-02-05,0.4549985790430102,0.4459900654861809,0.46354381207839374
2022-02-06,0.4548493096614569,0.44601041706941336,0.4633119665226684
2022-02-07,0.45494427875132193,0.4461530519160254,0.46334954444484755
2022-02-08,0.4550484163669134,0.44615038203240165,0.46347862147793006
2022-02-09,0.4551745028020684,0.4467026991063174,0.4635165542927389
2022-02-10,0.4552579665807757,0.4466484024410628,0.46352530126904445
2022-02-11,0.4553866561699092,0.4468096066238497,0.4637788601338503
2022-02-12,0.4555300690736222,0.4471732268072737,0.463696554501522
2022-02-13,0.4556258300901597,0.4472923758242005,0.46373038677254036
2022-02-14,0.4558117757808302,0.4475731348079292,0.4638201896832318
2022-02-15,0.4560329998148382,0.44782563642975093,0.4640289063973094
2022-02-16,0.45621163046427454,0.44817720058325655,0.4640571252787733
2022-02-17,0.45644153422092965,0.44857108351991876,0.46425832331222355
2022-02-18,0.4567414617560294,0.44892141904622795,0.4645171466683737
2022-02-19,0.456698952707029,0.449096565049427,0.46467121809069234
2022-02-20,0.4566421264689593,0.44891481023917096,0.4644349377361917
2022-02-21,0.4565793534239621,0.4489758448010188,0.4643715578430015
2022-02-22,0.45655976302663215,0.4489149091936037,0.4644110630338072
2022-02-23,0.4565829853967358,0.44883633172338244,0.4645785233190495
2022-02-24,0.4565919009205917,0.44871535179967,0.4643649290049439
2022-02-25,0.45670821415341817,0.4487695105595521,0.4644497637477571
2022-02-26,0.4568155799587543,0.4490272704077615,0.46467559282089044
2022-02-27,0.45690115768181755,0.4492334569531637,0.46500803839703186
2022-02-28,0.45701765690370233,0.4492896212779542,0.4649280386886118
2022-03-01,0.4571129213764107,0.44936803440502493,0.4650487778269579
2022-03-02,0.45722417933753434,0.44957120615337687,0.46493550883851903
2022-03-03,0.4573317066991454,0.44963770617842963,0.465166686031551
2022-03-04,0.4571145398682513,0.4490904132551337,0.46488612781809685
2022-03-05,0.4568835209468682,0.4489154956376628,0.46484624137365266
2022-03-06,0.4566815079272167,0.44847154055326716,0.46444351445354015
2022-03-07,0.4564627576261435,0.44812976806832067,0.4642334135600952
2022-03-08,0.4562461194779243,0.4478387178942846,0.46419202617522076
2022-03-09,0.45612621966967054,0.44769495443961904,0.4641510100137857
2022-03-10,0.45597025406328057,0.44743407534130253,0.4639941885417778
2022-03-11,0.45586669527901225,0.4473415730806242,0.46408418494673637
2022-03-12,0.4557800207339304,0.44738160359119944,0.4641233041830426
2022-03-13,0.45568866410395803,0.4470543056770988,0.4640499053644952
2022-03-14,0.4556157024129815,0.4470410245074263,0.4637308694114402
2022-03-15,0.4554938742600468,0.4466445740783832,0.4637486946641665
2022-03-16,0.45541127042198304,0.4466326817851841,0.46373440956261847
2022-03-17,0.4554623940901011,0.44675912854788924,0.46383237327637133
2022-03-18,0.45585453112336977,0.4469087414051974,0.464464184287925
2022-03-19,0.4558696490369931,0.44662189945222036,0.46457190560752804
2022-03-20,0.4558542060930286,0.44651870498618496,0.46488954157811235
2022-03-21,0.4558104932482368,0.44648462456957977,0.46509432439971116
2022-03-22,0.4557964211987624,0.4461409650880849,0.46525995962697547
2022-03-23,0.4557870869335511,0.4459540240367656,0.46525653746232143
2022-03-24,0.45580324499870895,0.44590922719854675,0.46540629027383273
2022-03-25,0.4558252895357647,0.4458547901552126,0.4655763961180622
2022-03-26,0.45582037502604805,0.4456623530824898,0.4659688470608795
2022-03-27,0.45581121662842994,0.445292082775127,0.46600661105135344
2022-03-28,0.4558521610499604,0.44505500138471443,0.46613058587778256
2022-03-29,0.4558423186620594,0.4452182962111068,0.4662022236465363
2022-03-30,0.4558012367554124,0.44495777684730675,0.4663129467565369
2022-03-31,0.4558262457123172,0.44468123273452764,0.4664259550042414
2022-04-01,0.4558100425401098,0.444726606053769,0.466596089238705
2022-04-02,0.45580556040278397,0.444658648204902,0.46686203133800547
2022-04-03,0.45579384664145856,0.44444084328667227,0.4669004778071921
2022-04-04,0.45578836759177843,0.4440663163837701,0.4671881934759535
2022-04-05,0.45575941099892936,0.44392082386114384,0.4672945308014511
2022-04-06,0.45579897785357726,0.4438223477752225,0.46759114228341436
2022-04-07,0.4557819327011944,0.44368976943923866,0.4675834069929358
2022-04-08,0.4556440221345263,0.4434942716912725,0.4676127207363313
2022-04-09,0.4556173398407668,0.44310965471975894,0.4680447294606426
2022-04-10,0.4556029033039132,0.44255365765303417,0.4680542529495304
2022-04-11,0.45559660787003764,0.4424441466552872,0.46836124438363447
2022-04-12,0.4555923040546562,0.4420921494602601,0.46849412799382256
2022-04-13,0.4556202096807396,0.4421774237180506,0.4690392972122502
2022-04-14,0.4555988566239967,0.4419379459917233,0.4693876202042382
2022-04-15,0.4556140965697667,0.4417872322441468,0.469244796240813
2022-04-16,0.45561860262068704,0.4416026948840496,0.4693799184308975
2022-04-17,0.4556110049924001,0.4412570635003751,0.4696029517719104
2022-04-18,0.4555887581315442,0.44090033415225816,0.47009175125352093
2022-04-19,0.4555619051210889,0.44039013798225124,0.47019916593825745
2022-04-20,0.4555786841639943,0.4403003982940867,0.4706793028676863
2022-04-21,0.45557157619275407,0.43991309918356153,0.47102954065629804
2022-04-22,0.45558370312028346,0.4398393226875953,0.47122581383882167
2022-04-23,0.455572474827054,0.4397580559694406,0.4712828673766786
2022-04-24,0.4555988096356978,0.43937554450878735,0.4712622276451425
2022-04-25,0.45559507175011277,0.43882283723713883,0.4718105817397536
2022-04-26,0.45558908345204874,0.4384659378572587,0.4718670765442263
2022-04-27,0.45556930526141265,0.43818521282927947,0.4719537226354168
2022-04-28,0.4555594009001957,0.438019845795519,0.4722448738326398
2022-04-29,0.4555510089589599,0.43797254822449916,0.4721590166897658
2022-04-30,0.45552886975417956,0.43777515210824386,0.4725168701058897
2022-05-01,0.4555577369136535,0.4379104774296134,0.47266846802131024
2022-05-02,0.4555558465065028,0.43742781846203477,0.47277875204162106
2022-05-03,0.4555670872628197,0.43746613686133423,0.47311180372552186
2022-05-04,0.45560610719075967,0.4372009655010859,0.4733078893415853
2022-05-05,0.455626043052756,0.4372557852600365,0.4735253757081243
2022-05-06,0.45562132654284876,0.436875363022693,0.4739201502263561
2022-05-07,0.45562277083013053,0.4371258309692268,0.4738270574913262
2022-05-08,0.4556354526645864,0.436814502326895,0.4733966155929912
2022-05-09,0.45568516644016244,0.43664490701465236,0.4738544044238057
2022-05-10,0.45566181216020324,0.4365668556492273,0.47422896575640566
2022-05-11,0.45567020287946164,0.4365194170429802,0.47454421039017675
2022-05-12,0.4556423725428783,0.43616910295980577,0.47441100681098874
2022-05-13,0.45564396444442884,0.43618716854545586,0.47467319992028206
2022-05-14,0.45565853922284055,0.4359715971414556,0.47501267608595377
2022-05-15,0.45564500765925536,0.43557165776381396,0.47506934091205477
2022-05-16,0.45565044721957926,0.4351392341221658,0.4750897761559329
2022-05-17,0.45566992868689804,0.43532127532826875,0.47544763911371546
2022-05-18,0.4556614855283442,0.4351325118483462,0.47535231360871943
2022-05-19,0.4556252286334457,0.434900733094948,0.4754440367171246
2022-05-20,0.45565689359417033,0.4347893800404434,0.47564776250859403
2022-05-21,0.455667251512713,0.43479181556383795,0.47570446682821727
